timestamp,experiment_path,subject_code,language,fullscreen,exit_status,duration_seconds
2026-10-08 15:44:38,"C:\Users\filip\Documents\pebl-exp.2.4\tutorials\tutorials\make-simple-experiment\openyoutubevideotutorial.pbl","test","en",false,1,5
2026-10-08 17:45:23,"C:\Users\filip\Documents\pebl-exp.2.4/my_studies/Occam\tests\vsearch\vsearch.pbl","OCCA_1001","en",false,3,6
2026-10-08 17:46:07,"C:\Users\filip\Documents\pebl-exp.2.4/my_studies/Occam\tests\vsearch\vsearch.pbl","OCCA_1001","en",false,1,191
2026-10-08 17:51:35,"C:\Users\filip\Documents\pebl-exp.2.4/my_studies/Occam\tests\vsearch\vsearch.pbl","OCCA_1001","en",false,1,100
2026-10-08 17:53:51,"C:\Users\filip\Documents\pebl-exp.2.4/my_studies/Occam\tests\vsearch\vsearch.pbl","OCCA_1001","en",false,1,94
2026-10-08 18:00:43,"C:\Users\filip\Documents\pebl-exp.2.4/my_studies/Occam\tests\vsearch\vsearch.pbl","OCCA_1001","en",false,3,4
2026-10-08 18:17:07,"C:\Users\filip\Documents\pebl-exp.2.4/my_studies/Occam\tests\vsearch\vsearch.pbl","test","en",false,3,24
2026-10-08 18:19:31,"C:\Users\filip\Documents\pebl-exp.2.4/my_studies/Occam\tests\vsearch\vsearch.pbl","test","en",false,3,31
2026-10-08 18:20:59,"C:\Users\filip\Documents\pebl-exp.2.4/my_studies/Occam\tests\vsearch\vsearch.pbl","test","en",false,3,34
2026-10-08 18:22:06,"C:\Users\filip\Documents\pebl-exp.2.4\my_studies\Occam\tests\vsearch\vsearch.pbl","test","en",false,3,8
2026-10-08 18:22:54,"C:\Users\filip\Documents\pebl-exp.2.4\my_studies\Occam\tests\vsearch\vsearch.pbl","test","en",false,3,31
2026-10-08 18:28:36,"C:\Users\filip\Documents\pebl-exp.2.4/my_studies/Occam\tests\vsearch\vsearch.pbl","test","en",false,3,29
2026-10-08 18:29:29,"C:\Users\filip\Documents\pebl-exp.2.4/my_studies/Occam\tests\vsearch\vsearch.pbl","test","en",false,3,17
2026-10-08 18:30:00,"C:\Users\filip\Documents\pebl-exp.2.4/my_studies/Occam\tests\vsearch\vsearch.pbl","test","en",false,3,57
2026-10-08 18:31:11,"C:\Users\filip\Documents\pebl-exp.2.4/my_studies/Occam\tests\vsearch\vsearch.pbl","test","en",false,3,4
2026-10-08 18:32:10,"C:\Users\filip\Documents\pebl-exp.2.4/my_studies/Occam\tests\vsearch\vsearch.pbl","test","en",false,3,0
2026-10-08 18:32:15,"C:\Users\filip\Documents\pebl-exp.2.4/my_studies/Occam\tests\vsearch\vsearch.pbl","test","en",false,3,0
2026-10-08 18:32:16,"C:\Users\filip\Documents\pebl-exp.2.4/my_studies/Occam\tests\vsearch\vsearch.pbl","test","en",false,3,0
2026-10-08 18:32:16,"C:\Users\filip\Documents\pebl-exp.2.4/my_studies/Occam\tests\vsearch\vsearch.pbl","test","en",false,3,0
2026-10-08 18:32:17,"C:\Users\filip\Documents\pebl-exp.2.4/my_studies/Occam\tests\vsearch\vsearch.pbl","test","en",false,3,0
2026-10-08 18:32:53,"C:\Users\filip\Documents\pebl-exp.2.4/my_studies/Occam\tests\vsearch\vsearch.pbl","test","en",false,3,0
2026-10-08 18:32:54,"C:\Users\filip\Documents\pebl-exp.2.4/my_studies/Occam\tests\vsearch\vsearch.pbl","test","en",false,3,0
2026-10-08 18:32:55,"C:\Users\filip\Documents\pebl-exp.2.4/my_studies/Occam\tests\vsearch\vsearch.pbl","test","en",false,3,0
2026-10-08 18:32:55,"C:\Users\filip\Documents\pebl-exp.2.4/my_studies/Occam\tests\vsearch\vsearch.pbl","test","en",false,3,0
2026-10-08 18:33:02,"C:\Users\filip\Documents\pebl-exp.2.4/my_studies/Occam\tests\vsearch\vsearch.pbl","test","en",false,3,6
2026-10-08 18:34:34,"C:\Users\filip\Documents\pebl-exp.2.4/my_studies/Occam\tests\vsearch\vsearch.pbl","test","en",false,3,4
2026-10-08 18:38:22,"C:\Users\filip\Documents\pebl-exp.2.4/my_studies/Occam\tests\vsearch\vsearch.pbl","test","en",false,3,0
2026-10-08 18:38:24,"C:\Users\filip\Documents\pebl-exp.2.4/my_studies/Occam\tests\vsearch\vsearch.pbl","test","en",false,3,0
2026-10-08 18:38:24,"C:\Users\filip\Documents\pebl-exp.2.4/my_studies/Occam\tests\vsearch\vsearch.pbl","test","en",false,3,0
2026-10-08 18:38:24,"C:\Users\filip\Documents\pebl-exp.2.4/my_studies/Occam\tests\vsearch\vsearch.pbl","test","en",false,3,0
2026-10-08 18:38:49,"C:\Users\filip\Documents\pebl-exp.2.4/my_studies/Occam\tests\vsearch\vsearch.pbl","test","en",false,3,0
2026-10-08 18:38:51,"C:\Users\filip\Documents\pebl-exp.2.4/my_studies/Occam\tests\vsearch\vsearch.pbl","test","en",false,3,0
2026-10-08 18:39:25,"C:\Users\filip\Documents\pebl-exp.2.4/my_studies/Occam\tests\vsearch\vsearch.pbl","test","en",false,3,0
2026-10-08 18:39:26,"C:\Users\filip\Documents\pebl-exp.2.4/my_studies/Occam\tests\vsearch\vsearch.pbl","test","en",false,3,0
2026-10-08 18:39:26,"C:\Users\filip\Documents\pebl-exp.2.4/my_studies/Occam\tests\vsearch\vsearch.pbl","test","en",false,3,0
2026-10-08 18:39:36,"C:\Users\filip\Documents\pebl-exp.2.4/my_studies/Occam\tests\vsearch\vsearch.pbl","test","en",false,3,0
2026-10-08 18:39:37,"C:\Users\filip\Documents\pebl-exp.2.4/my_studies/Occam\tests\vsearch\vsearch.pbl","test","en",false,3,0
2026-10-08 18:39:37,"C:\Users\filip\Documents\pebl-exp.2.4/my_studies/Occam\tests\vsearch\vsearch.pbl","test","en",false,3,0
2026-10-08 18:39:38,"C:\Users\filip\Documents\pebl-exp.2.4/my_studies/Occam\tests\vsearch\vsearch.pbl","test","en",false,3,0
2026-10-08 18:39:38,"C:\Users\filip\Documents\pebl-exp.2.4/my_studies/Occam\tests\vsearch\vsearch.pbl","test","en",false,3,0
2026-10-08 18:39:39,"C:\Users\filip\Documents\pebl-exp.2.4/my_studies/Occam\tests\vsearch\vsearch.pbl","test","en",false,3,0
2026-10-08 18:40:17,"C:\Users\filip\Documents\pebl-exp.2.4/my_studies/Occam\tests\vsearch\vsearch.pbl","test","en",false,3,5
2026-10-08 18:40:50,"C:\Users\filip\Documents\pebl-exp.2.4/my_studies/Occam\tests\maze\maze.pbl","test","en",false,3,17
2026-10-08 18:41:55,"C:\Users\filip\Documents\pebl-exp.2.4\my_studies\Occam\tests\maze\maze.pbl","OCCA_1001","en",false,3,10
2026-10-08 18:42:27,"C:\Users\filip\Documents\pebl-exp.2.4/my_studies/Occam\tests\maze\maze.pbl","OCCA_1001","en",false,3,10
2026-10-08 18:42:37,"C:\Users\filip\Documents\pebl-exp.2.4/my_studies/Occam\tests\TNT\TNT.pbl","OCCA_1001","en",false,3,109
2026-10-08 18:44:26,"C:\Users\filip\Documents\pebl-exp.2.4/my_studies/Occam\tests\bigfive\bigfive.pbl","OCCA_1001","en",false,3,2
2026-10-08 18:44:28,"C:\Users\filip\Documents\pebl-exp.2.4/my_studies/Occam\tests\ptrails\ptrails.pbl","OCCA_1001","en",false,3,2
2026-10-08 18:44:30,"C:\Users\filip\Documents\pebl-exp.2.4/my_studies/Occam\tests\tol\TOL.pbl","OCCA_1001","en",false,3,2
2026-10-08 18:44:32,"C:\Users\filip\Documents\pebl-exp.2.4/my_studies/Occam\tests\affectgrid\affectgrid.pbl","OCCA_1001","en",false,3,1
2026-10-08 18:44:33,"C:\Users\filip\Documents\pebl-exp.2.4/my_studies/Occam\tests\vsearch\vsearch.pbl","OCCA_1001","en",false,3,5
2026-10-08 19:47:25,"C:\Users\filip\Documents\pebl-exp.2.4/my_studies/OpenCode\tests\maze\maze.pbl","test","en",false,3,13
2026-10-08 19:47:53,"C:\Users\filip\Documents\pebl-exp.2.4/my_studies/OpenCode\tests\maze\maze.pbl","OPEN_1001","en",false,3,2
2026-10-08 19:48:45,"C:\Users\filip\Documents\pebl-exp.2.4/my_studies/OpenCode\tests\maze\maze.pbl","OPEN_1002","en",false,3,12
2026-10-08 19:49:06,"C:\Users\filip\Documents\pebl-exp.2.4/my_studies/OpenCode\tests\maze\maze.pbl","OPEN_1003","en",false,1,95
2026-10-08 20:00:40,"C:\Users\filip\Documents\pebl-exp.2.4/my_studies/OpenCode\tests\maze\maze.pbl","OPEN_1004","en",false,1,93
2026-10-08 20:09:59,"C:\Users\filip\Documents\pebl-exp.2.4/my_studies/OpenCode\tests\maze\maze.pbl","OPEN_1005","en",false,1,82
2026-10-09 20:19:54,"C:\Users\filip\Documents\pebl-exp.2.4/my_studies/OpenCode\tests\maze\maze.pbl","CLAU_1000","en",false,1,81
2026-10-09 20:36:20,"C:\Users\filip\Documents\pebl-exp.2.4/my_studies/OpenCode\tests\maze\maze.pbl","CLAU_1001","en",false,1,87
